<?xml version="1.0" encoding="utf-8"?>
<e107Theme name="Bootstrap 3" version="1.0" date="2013-12-25" compatibility="2.0">
	<author name ="e107 Inc" email="e107inc@something.com" url="http://e107.org" />
	<summary>Bootstrap3 e107 theme</summary>
	<description>a simple bootstrap 3 template for the frontend</description>
	<category>generic</category>
	<plugins>
		<plugin name='featurebox' url='core' />
		<plugin name='gallery' url='core' />
        <plugin name='rss_menu' url='core' />
        <plugin name='tinymce4' url='core' />
		<plugin name='social' url='core' />
	</plugins>
	<keywords>
		<word>bootstrap</word>
		<word>clean</word>
	</keywords>
	<screenshots>
		<image>preview_frontend.png</image>
	</screenshots>
	<libraries>
		<library name="bootstrap" version="3" scope="all"/>
		<library name="fontawesome" version="4"  scope="all"/>
		<library name="bootstrap.editable" scope="admin"/>
	</libraries>
	<stylesheets>
		<css file="style.css" name="Default"/>
        <css file="css/bootstrap-dark.min.css" name="Dark Admin" description="" thumbnail='images/admin_bootstrap-dark.jpg' scope='admin' exclude='bootstrap'/>
        <css file="css/kadmin.css" name="K-Admin Inspired" scope='admin' description="(experimental)" thumbnail='images/admin_kadmin.jpg' url='http://themifycloud.com/demos/templates/KAdmin/KAdmin-Dark/dashboard.html' />
		<css file="css/corporate.css" name="Corporate" scope='admin' thumbnail='images/admin_corporate.jpg' exclude='bootstrap' />
		<css file="https://maxcdn.bootstrapcdn.com/bootswatch/3.3.7/flatly/bootstrap.min.css" name="Flatly" scope='admin' exclude='bootstrap'/>
        <css file="https://maxcdn.bootstrapcdn.com/bootswatch/3.3.7/sandstone/bootstrap.min.css" name="Sandstone" scope='admin' exclude='bootstrap'/>
        <css file="https://maxcdn.bootstrapcdn.com/bootswatch/3.3.7/superhero/bootstrap.min.css" name="Superhero" thumbnail='images/admin_superhero.jpg' scope='admin' exclude='bootstrap'/>
        <css file="*" name="*"/>
	</stylesheets>
	<layouts>
		<layout name='jumbotron_home' title='Jumbotron (home)' default='false'>
			<custompages>FRONTPAGE</custompages>	
		</layout>
		<layout name='modern_business_home' title='Modern Business: Home page carousel with fixed custom-menus' />
		<layout name='jumbotron_full' title='Jumbotron (full-width)'  >
            <custompages>forum</custompages>
		</layout>
		<layout name='jumbotron_sidebar_right' title='Jumbotron (sidebar-right)' default='true' >
			<custompages>/news</custompages>
			<menuPresets>
				<area id='1'>
					<menu name='search' />
					<menu name='news_categories' />
					<menu name='other_news' />
					<menu name='other_news2' />
					<menu name='blogcalendar' />
				</area>
			</menuPresets>	
		</layout>
	</layouts>
	<themePrefs>
		<pref name='branding'>sitename</pref>
		<pref name='nav_alignment'>right</pref>
		<pref name='usernav_placement'>top</pref>
	</themePrefs>
</e107Theme>